ts	phase	decision	why	evidence	result
2026-10-05T00:00:00Z	frame	Pin PR2 to main 640d9e3 and keep all writes inside its worktree	The parallel PRs own web changes and legacy deletions	git status and origin/main comparison	clean baseline
2026-10-05T00:00:00Z	workflow	Refactor inspora, package micro-dedup, browser helpers, then check runners and fixtures	Each group has an existing test or a source equivalence check	package.json; scripts/design-checks/current-checks.json	planned
2026-10-05T00:00:00Z	placement	Use harness.cjs with named CommonJS exports usable from ESM	Two current checks use require and keep their invocation contracts	scripts/design-checks/shared-browser.cjs; scripts/design-checks/shared-autoplay.cjs	planned
2026-10-05T12:01:28.611243+00:00	inspora	Use named SQLite parameter bindings and normalize record values in db.mjs	The SQL parameter names keep column order out of source callers	packages/inspora/scripts/db.mjs; .impeccable/review/pr2/db-equivalence.mjs	34 inspora tests passed; all columns match main
2026-10-05T12:01:28.611426+00:00	packages	Keep concurrency loops and single atomic-write sites local	Sharing would add package coupling and alter batching and error handling	packages/inspora/scripts/download.mjs; packages/design-engineer-tools/scripts/sync.mjs	layout and avatar atomic writes consolidated
2026-10-05T12:01:28.611429+00:00	checks	Select the existing 12 regression suites by manifest order	The registered adapters and specialized checks have separate prerequisites	scripts/design-checks/current-checks.json; scripts/design-checks/run-all.test.mjs	six runner tests passed
2026-10-05T12:01:28.611432+00:00	verification	Keep per-check assertions and evidence shape in consumers	The shared browser lifetime must not add global assertion policy	.impeccable/review/pr2/assertions.log; .impeccable/review/chat-checks/result.json	221 consumer assertions preserved; isolated chat passed
2026-10-05T12:01:28.611434+00:00	gates	Run required gates and build on PR2	Existing checks measure the behavior and invocation contracts	.impeccable/review/pr2/test.log; .impeccable/review/pr2/build.log	142 tests; navigation, skills, lint, direct inspora, build passed
2026-10-05T12:06:06.964504+00:00	review	Move home evidence error handling around withBrowser	Page creation can fail before the callback runs	scripts/design-checks/home.mjs; VM setup-failure replay	matches main cleanup and failure-evidence fields
2026-10-05T12:06:06.964664+00:00	review	Pin the ordered executable basenames independently in the derivation test	A self-consistent manifest could select a library that exits without testing	scripts/design-checks/run-all.test.mjs	six tests passed
2026-10-05T12:06:06.964667+00:00	packages	Revert personal-sites config extraction and skip item 6	Required formatting increased LOC and the video copy became coupled to a poster name	packages/personal-sites/scripts/sync.mjs	kept existing shorter implementation
2026-10-05T12:06:06.964672+00:00	gates	Rerun required tests after review corrections	Final source contains the coverage-preserving fixes	.impeccable/review/pr2/test.log; .impeccable/review/pr2/navigation.log	142 tests and required script gates passed
2026-10-05T12:07:34.267022+00:00	review	Pin ordered executable basenames instead of IDs in the runner test	Changing a file under the same ID must fail the independent expected-set check	scripts/design-checks/run-all.test.mjs	142 tests passed
2026-10-05T12:10:51.877517+00:00	review	Keep the shared stopOnKnown predicate	Item 4 explicitly requests it and source keys remain local	packages/inspora/scripts/sync-source.mjs:1	reviewer marked P3 non-blocking; no correctness findings
2026-10-05T12:10:51.877680+00:00	commit	Create the requested single local commit without pushing	All required gates and review corrections are complete	commit 3b7da16	clean worktree; packages -61 lines; scripts -89 lines
2026-10-06T16:57:15Z	frame	将旧提交拆为包意图核对与检查 harness 移植	43 文件跨迁移基线，包脚本必须保持 Effect；检查入口必须实跑	3b7da16; origin/main=79c0055	基线确认，工作树干净
2026-10-06T17:00:51Z	intent	包意图核对发现结构重构缺口，移植到 Effect ts	事务和原子写已覆盖，具名upsert/来源描述表/stopOnKnown/tweetIdOf复用未覆盖	79c0055:packages/inspora/scripts/db.ts; 3b7da16	补齐中
2026-10-06T17:00:51Z	harness	保留 main 13 个子进程和6个动效检查，再接统一 runner	当前 main 比旧提交多首次绘制和动效验收，不能减少覆盖	.impeccable/review/pr2/targeted.log	42测试通过，导航/技能/lint通过
2026-10-06T17:04:49Z	runtime	实跑隔离聊天和生产HTTP，启动根pnpm start并使用日志端口4431	统一harness影响真实入口，必须验证协议和浏览器行为	.impeccable/review/pr2/check-chat.log;.impeccable/review/pr2/check-http.log;.impeccable/review/pr2/start.log	聊天通过，HTTP11路由5测试通过，浏览器进行中
2026-10-06T17:07:07Z	start	当前会话接续本地旧日志；前16行范围2026-10-05至2026-10-05属于旧会话，17行起为本轮	启动日志时旧审计文件已存在，补记会话边界，不改旧行	session aafff400-1a4b-47c7-a45f-2e1d733436f3	补记日志边界
2026-10-06T17:07:07Z	regression	完整浏览器19检查有1失败，保留门禁非零结果并复现	减少动态效果场景没有进入目标详情，需定位点击命中和时机	.impeccable/review/pr2/check-browser.log:120	18通过1失败，复现中
2026-10-06T17:10:05Z	diagnosis	修正main路由检查的pickCell重新测量与命中校验，原断言不变	复现证明深滚动恢复后点击y=-2522.75，CDP点击在视口外	.impeccable/review/pr2/route-probe.log; scripts/design-checks/route-motion.browser.mjs:153	定向验证中
2026-10-06T17:11:08Z	regression	路由检查修复验证通过，完整19项浏览器重跑	修复后点y=375.25命中真实卡片，全部原场景与断言成功	.impeccable/review/pr2/route-probe-fixed.log	定向通过，完整重跑中
2026-10-06T17:15:26Z	gates	最终静态门禁与完整19浏览器全绿，验收生成JSON保留本地不提交	提交限定意图移植，运行端口与时间戳不应更新历史证据	.impeccable/review/pr2/gates-install-typecheck-lint-test-check-navigation-check-skills-format.json;.impeccable/review/pr2/gates-check-http-check-browser.json	180测试通过，19浏览器通过
2026-10-06T17:22:28Z	review	独立评审抓到整行Schema丢作品并越过known停止边界，撤回新增接受规则	旧mapper容忍null和强制转换；类型校验不得改变结构重构的数据行为	.impeccable/review/pr2/source-compat-red.log;packages/inspora/scripts/source-nullable.test.ts	19回归红先后全绿，门禁重跑中
2026-10-06T17:24:01Z	evidence	更正旧运行证据指针：首次浏览器失败在独立保留日志，不再指向重跑覆盖文件	追加更正原22行；初次启动4431对应运行JSON已保留首次失败副本，当前启动4145为最终重跑	.impeccable/review/pr2/check-browser-initial-failure.log:120;.impeccable/review/pr2/gates-runtime-initial-failure.json	旧失败证据保留
2026-10-06T17:24:01Z	review	来源兼容19例先红后绿，保留原REST边界类型断言	接受语义需完全交还原mapper，NullOr不足以覆盖数字ID和字符串尺寸	.impeccable/review/pr2/source-compat-red.log;.impeccable/review/pr2/source-compat-green.log;packages/inspora/scripts/source-bestx.ts	静态/构建/聊天全绿199测试，最终浏览器运行中
2026-10-06T17:26:49Z	final-gates	兼容修复后全部用户门禁通过，实际localhost4145 HTTP与19浏览器成功，服务清理	最终快照已通过所有可执行入口；不能用修复前绿代替	.impeccable/review/pr2/gates-install-typecheck-lint-test-check-navigation-check-skills-build-check-chat-format.json;.impeccable/review/pr2/gates-check-http-check-browser.json	199单测，19浏览器，11路由5API，全退出0
2026-10-06T17:29:32Z	audit	Sonnet复查轨迹，无虚构；修复与19回归必须折入提交，补存Opus审查快照hash	门禁跑在工作树，推送必须包含该快照；中间绿日志被末轮覆盖，最终计数199取代180	.impeccable/review/pr2/review-snapshot.sha256;.impeccable/review/pr2/gates-install-typecheck-lint-test-check-navigation-check-skills-build-check-chat-format.json	关注点在提交前处理；旧db行号intent已改为main覆盖
